Company , Domain , SecurityGateway , MailGateway , MX
Walmart , walmart , ProofPoint , unknown , mxa-000c7201.gslb.pphosted.com
Exxon Mobil , exxonmobil ,  , own-domain , mail24d.exxonmobil.com
Apple , apple ,  , own-domain , nwk-aaemail-lapp03.apple.com
Berkshire Hathaway , berkshirehathaway ,  ,  , brka.com.snwlhosted.com
McKesson , mckesson ,  , own-domain , mail6.mckesson.com
UnitedHealth Group , unitedhealthgroup ,  ,  , mail1.corpmailsvcs.com
CVS Health , cvshealth , ProofPoint , unknown , mxb-0022b201.gslb.pphosted.com
General Motors , gm ,  , own-domain , mx2.imr.gm.com
Ford Motor , ford , MessageLabs , unknown , cluster4.us.messagelabs.com
AT&T , att , ProofPoint , unknown , mx0a-00191d01.pphosted.com
General Electric , ge , ProofPoint , unknown , mxb-00176a02.gslb.pphosted.com
AmerisourceBergen , amerisourcebergen , Cisco , unknown , mx1.amerisourcebergen.iphmx.com
Verizon , verizon , ProofPoint , unknown , mxa-0024a201.gslb.pphosted.com
Chevron , chevron ,  , own-domain , mix.chevron.com
Costco , costco , ProofPoint , unknown , mx0b-001f9d01.pphosted.com
Fannie Mae , fanniemae , MessageLabs , unknown , cluster5.us.messagelabs.com
Kroger , kroger ,  , own-domain , mail2.dmz.kroger.com
Amazon.com , amazon ,  , own-domain , amazon-smtp.amazon.com
Walgreens Boots Alliance , walgreensbootsalliance ,  ,  , custmx.cscdns.net
Walgreens , walgreens ,  , own-domain , edge.walgreens.com
Boots , boots , Cisco , unknown , mx2.wba.c3s2.iphmx.com
HP , hp ,  , own-domain , smtp.hp.com
Cardinal Health , cardinal ,  , own-domain , smtp4.cardinal.com
Express Scripts Holding , express-scripts ,  , own-domain , ps2imail01.express-scripts.com
J.P. Morgan Chase , jpmorgan , MessageLabs , unknown , cluster14.us.messagelabs.com
Boeing , boeing ,  , own-domain , phx-mbsin-02.mbs.boeing.net
Microsoft , microsoft ,  , Office 365 , microsoft-com.mail.protection.outlook.com
Bank of America Corp. , bankofamerica , ProofPoint , unknown , mxb-0000ec05.gslb.pphosted.com
Wells Fargo , wellsfargo , MessageLabs , unknown , cluster15.us.messagelabs.com
Home Depot , homedepot , ProofPoint , unknown , mxa-000e6601.gslb.pphosted.com
Citigroup , citi ,  , own-domain , mx-b.mail.citi.com
Phillips 66 , p66 , ProofPoint , unknown , mxa-001c4c01.gslb.pphosted.com
IBM , ibm , ProofPoint , unknown , mx0b-001b2d01.pphosted.com
Valero Energy , valero , MessageLabs , unknown , cluster9.us.messagelabs.com
Anthem , anthem , ProofPoint , unknown , mxb-001bee01.gslb.pphosted.com
Procter & Gamble , pg , MessageLabs , unknown , cluster8.us.messagelabs.com
State Farm Insurance Cos. , statefarm ,  , own-domain , mail4.statefarm.com
Alphabet , google ,  , Google , aspmx.l.google.com
Comcast , comcast ,  , own-domain , mx20.comcast.com
Target , target ,  , own-domain , smtp01.target.com
Johnson & Johnson , jnj , Cisco , unknown , mx1.jnj.iphmx.com
MetLife , metlife ,  , own-domain , ms29.metlife.com
Archer Daniels Midland , adm ,  , Office 365 , adm-com.mail.protection.outlook.com
Marathon Petroleum , marathonpetroleum ,  , Office 365 , marathonpetroleum-com.mail.protection.outlook.com
Freddie Mac , freddiemac ,  , own-domain , he2xmail001.freddiemac.com
PepsiCo , pepsico ,  , own-domain , mail.pepsico.com
United Technologies , utc , ProofPoint , unknown , mxb-00105401.gslb.pphosted.com
Aetna , aetna ,  , own-domain , inboundemail.aei.aetna.com
Lowe’s , lowes ,  , own-domain , mail5.lowes.com
UPS , ups ,  , own-domain , email-vip.ups.com
AIG , aig ,  , own-domain , am1mxi04.aig.com
Prudential Financial , prudential ,  , own-domain , pa-mailgate.prudential.com
Intel , intel ,  , own-domain , mga09.intel.com
Humana , humana , MessageLabs , unknown , cluster5.us.messagelabs.com
Disney , disney , MessageLabs , unknown , cluster6.us.messagelabs.com
Cisco Systems , cisco ,  , own-domain , alln-mx-01.cisco.com
Pfizer , pfizer , ProofPoint , unknown , mxa-00013f02.gslb.pphosted.com
Dow Chemical , dow ,  , Office 365 , dow-com.mail.protection.outlook.com
Sysco , sysco , ProofPoint , unknown , mxb-00133a01.gslb.pphosted.com
FedEx , fedex ,  , own-domain , mapper.gslb.fedex.com
Caterpillar , cat ,  , own-domain , mail4.cat.com
Lockheed Martin , lockheedmartin ,  ,  , mailfi02.lmco.com
New York Life Insurance , newyorklife ,  , own-domain , smtp.sd.newyorklife.com
Coca-Cola , coca-colacompany ,  ,  , ns1.ko.com
Coca-Cola , coca-cola ,  , Office 365 , cocacola-com01b.mail.protection.outlook.com
HCA Holdings , hcahealthcare ,  ,  , smtpb.mail.medcity.net
Ingram Micro , ingrammicro , ProofPoint , unknown , mx0a-0021cb01.pphosted.com
Energy Transfer Equity , energytransfer , Cisco , unknown , esa2.energytransfer.iphmx.com
Tyson Foods , tyson ,  , own-domain , pps5.tyson.com
American Airlines Group , aa ,  , Office 365 , aa-com.mail.protection.outlook.com
Delta Air Lines , delta , Cisco , unknown , mx1.delta.iphmx.com
Nationwide , nationwide ,  , own-domain , hogan.nationwide.com
Johnson Controls , jci ,  , Office 365 , jci-com.mail.protection.outlook.com
Best Buy , bestbuy , ProofPoint , unknown , mxb-002a6b01.gslb.pphosted.com
Merck , merck ,  , own-domain , wily.merck.com
Liberty Mutual Insurance Group , libertymutual ,  ,  , mx1.lmig.com
Goldman Sachs Group , gs , ProofPoint , own-domain , mxa-0014b501.gslb.pphosted.com
Honeywell International , honeywell ,  , Office 365 , honeywell-com.mail.protection.outlook.com
Massachusetts Mutual Life Insurance , massmutual , ProofPoint , unknown , mxa-00108d02.gslb.pphosted.com
Oracle , oracle ,  , own-domain , userp2030.oracle.com
Morgan Stanley , morganstanley ,  , own-domain , mx2.morganstanley.com
Cigna , cigna , ProofPoint , unknown , mxb-000e5c01.gslb.pphosted.com
United Continental Holdings , united ,  ,  , gwusa.ual.com
Allstate , allstate ,  , own-domain , vap0121.allstate.com
TIAA , tiaa ,  , own-domain , nc89acb01isea01.tiaa-cref.org
INTL FCStone , intlfcstone , Mimecast , unknown , us-smtp-inbound-1.mimecast.com
CHS , chsinc , ProofPoint , unknown , mxb-002ae201.gslb.pphosted.com
American Express , americanexpress ,  ,  , wppim001.aexp.com
Gilead Sciences , gilead ,  , Office 365 , gilead-com.mail.protection.outlook.com
Publix Super Markets , publix ,  , own-domain , mail.publix.com
General Dynamics , generaldynamics ,  ,  , mx1.gendyn.com
TJX , tjx , MessageLabs , unknown , cluster6.us.messagelabs.com
ConocoPhillips , conocophillips ,  , Office 365 , conocophillips-com.mail.protection.outlook.com
Nike , nike , ProofPoint , unknown , mxb-001b6002.gslb.pphosted.com
World Fuel Services , wfscorp ,  , own-domain , smtp4.wfscorp.com
3M , 3m , Forcepoint , unknown , cust43457-1.in.mailcontrol.com
Mondelez International , mondelezinternational ,  ,  , custmx.cscdns.net
Exelon , exeloncorp ,  , own-domain , esa-ccc-102.exeloncorp.com
Twenty-First Century Fox , 21cf , ProofPoint , unknown , mxb-001cd501.gslb.pphosted.com
Deere , johndeere , ProofPoint , unknown , mxa-000e4101.gslb.pphosted.com
Tesoro , tsocorp ,  , Office 365 , tsocorp-com.mail.protection.outlook.com
Time Warner , timewarner , ProofPoint , unknown , mxa-00241e01.gslb.pphosted.com
Northwestern Mutual , northwesternmutual ,  , own-domain , mx10.northwesternmutual.com
DuPont , dupont , ProofPoint , unknown , mxa-001dcd02.gslb.pphosted.com
Avnet , avnet ,  , own-domain , smarthost.avnet.com
Macy’s , macys , ProofPoint , unknown , mxb-0009cc01.gslb.pphosted.com
Enterprise Products Partners , eprod ,  , own-domain , smtp2.eprod.com
Travelers Cos. , travelers ,  ,  , emailk.spt.com
Philip Morris International , pmi ,  , Office 365 , pmi-com.mail.protection.outlook.com
Rite Aid , riteaid , ProofPoint , unknown , mxb-00005c01.gslb.pphosted.com
Tech Data , techdata , ProofPoint , unknown , mxb-00277801.gslb.pphosted.com
McDonald’s , mcdonalds ,  , own-domain , sesmail.mcdonalds.com
Qualcomm , qualcomm ,  , own-domain , gatewaypony01.qualcomm.com
Sears Holdings , searsholdings ,  , own-domain , searsholdings.com
Sears Holdings , sears ,  , Office 365 , sears-com.mail.protection.outlook.com
Capital One Financial , capitalone ,  , own-domain , kimail04.capitalone.com
EMC , emc , Cisco , unknown , mx1.dellcorporate.iphmx.com
USAA , usaa ,  , own-domain , prodmx3l.usaa.com
Duke Energy , duke-energy ,  , own-domain , mx10.duke-energy.com
Time Warner Cable , twc ,  ,  , dnvrco-cmedge02.email.rr.com
Halliburton , halliburton , ProofPoint , unknown , mxb-0000bf01.gslb.pphosted.com
Northrop Grumman , ngc ,  ,  , mail1.northgrum.com
Arrow Electronics , arrow ,  , Office 365 , arrow-com.mail.protection.outlook.com
Raytheon , raytheon ,  , own-domain , inbound.vetted.raytheon.com
Plains GP Holdings , plainsallamerican ,  ,  , p.webcom.ctmail.com
US Foods Holding , usfoods ,  , Office 365 , usfoods-com.mail.protection.outlook.com
AbbVie , abbvie , MessageLabs , unknown , cluster1.us.messagelabs.com
Centene , centene ,  , own-domain , esg.centene.com
Community Health Systems , chs ,  , own-domain , mail2.chs.net
Alcoa , alcoa ,  , own-domain , adc-dmzmx404.alcoa.com
International Paper , ipaper , Cisco , unknown , mx2.ipaper.iphmx.com
Emerson Electric , emerson , Cisco , unknown , mx1.emerson.iphmx.com
Union Pacific , up ,  , own-domain , meg-01.omdx.uprr.com
Amgen , amgen , ProofPoint , unknown , mxa-0018ee01.gslb.pphosted.com
U.S. Bancorp , usbank ,  , own-domain , mail1.usbank.com
Staples , staples ,  , Office 365 , staples-com.mail.protection.outlook.com
Danaher , danaher , ProofPoint , unknown , mxa-001d2f01.gslb.pphosted.com
Whirlpool , whirlpool ,  , Google , ASPMX.L.GOOGLE.com
Aflac , aflac , ProofPoint , unknown , mxb-001f5701.gslb.pphosted.com
AutoNation , autonation ,  , Office 365 , autonation-com.mail.protection.outlook.com
Progressive , progressive ,  , own-domain , acesap01.progressive.com
Abbott Laboratories , abbott ,  , Office 365 , abbott-com.mail.protection.outlook.com
Dollar General , dollargeneral ,  , own-domain , mxgw1.dollargeneral.com
Tenet Healthcare , tenethealth , ProofPoint , unknown , mx0b-00259001.pphosted.com
Eli Lilly , lilly ,  , own-domain , maillldcprde2.xh1.lilly.com
Southwest Airlines , southwest ,  ,  , outgoing.wnco.com
Penske Automotive Group , penskeautomotive , ProofPoint , unknown , mxb-00005602.gslb.pphosted.com
Penske Automotive Group , penske , ProofPoint , unknown , mxa-001ae501.gslb.pphosted.com
ManpowerGroup , manpower ,  , Office 365 , manpowergroupapps.mail.protection.outlook.com
Kohl’s , kohlscorporation , Cisco , unknown , esa1.kohlsinbound.iphmx.com
Kohl’s , kohls , Cisco , unknown , mx2.kohlsinbound.iphmx.com
Starbucks , starbucks , Cisco , unknown , mx1.starbucks.iphmx.com
Paccar , paccar ,  , Office 365 , paccar-com.mail.protection.outlook.com
Cummins , cummins , MessageLabs , unknown , cluster5.us.messagelabs.com
Altria Group , altria ,  , Office 365 , altria-com.mail.protection.outlook.com
Xerox , xerox , Cisco , unknown , mx1.xerox.iphmx.com
Kimberly-Clark , kimberly-clark ,  , Office 365 , kimberlyclark-com02b.mail.protection.outlook.com
Hartford Financial Services Group , thehartford ,  , own-domain , hfdmailin04.thehartford.com
Kraft Heinz , kraftheinzcompany ,  , Office 365 , kraftheinzcompany-com.mail.protection.outlook.com
Kraft Heinz , kraft ,  , Office 365 , kraft-com.mail.protection.outlook.com
Kraft Heinz , heinz ,  , Office 365 , heinz-com.mail.protection.outlook.com
Lear , lear ,  , Office 365 , lear-com.mail.protection.outlook.com
Fluor , fluor ,  , own-domain , avsiipa006.fluor.com
AECOM , aecom , MessageLabs , unknown , cluster5.us.messagelabs.com
Facebook , facebook ,  , own-domain , msgin.vvv.facebook.com
Jabil Circuit , jabil ,  , Office 365 , jabil-com.mail.protection.outlook.com
CenturyLink , centurylink ,  , own-domain , lxomp51w.centurylink.com
Supervalu , supervalu ,  , Office 365 , supervaluinc.mail.protection.outlook.com
General Mills , genmills ,  , own-domain , smtp3a.genmills.com
Southern , southerncompany , ProofPoint , unknown , mxb-00113601.gslb.pphosted.com
NextEra Energy , nexteraenergy ,  , Office 365 , nexteraenergy-com.mail.protection.outlook.com
Thermo Fisher Scientific , thermofisher , ProofPoint , unknown , mxb-002a2102.gslb.pphosted.com
American Electric Power , aep ,  , own-domain , gateways1.aep.com
PG&E Corp. , pge ,  , own-domain , itemlmtadmz03-out.pge.com
NGL Energy Partners , nglep ,  , own-domain , mail1.nglep.com
Bristol-Myers Squibb , bms ,  , Office 365 , bms-com.mail.protection.outlook.com
Goodyear Tire & Rubber , goodyear ,  , Office 365 , goodyear-com.mail.protection.outlook.com
Nucor , nucor , ProofPoint , unknown , mxa-0022e501.gslb.pphosted.com
PNC Financial Services Group , pnc , MessageLabs , unknown , cluster5.us.messagelabs.com
Health Net , healthnet ,  , own-domain , mailgate03.healthnet.com
Micron Technology , micron ,  , own-domain , mailhost3.micron.com
Colgate-Palmolive , colgatepalmolive ,  ,  , mx.zoho.com
Freeport-McMoRan , fmi ,  , Office 365 , fmi-com.mail.protection.outlook.com
ConAgra Foods , conagrafoods , Cisco , unknown , mx1.conagrafoods.iphmx.com
Gap , gapinc ,  , Office 365 , gapinc-com.mail.protection.outlook.com
Baker Hughes , bakerhughes ,  ,  , msghouasg01.bhi-net.com
Bank of New York Mellon Corp. , bnymellon , MessageLabs , unknown , cluster9bny.us.messagelabs.com
Dollar Tree , dollartree , ProofPoint , unknown , mxb-00183e01.gslb.pphosted.com
Whole Foods Market , wholefoodsmarket ,  ,  , smtp4.wholefoods.com
PPG Industries , ppg , ProofPoint , unknown , mxb-00189b02.gslb.pphosted.com
Genuine Parts , genpt , MessageLabs , unknown , cluster5.us.messagelabs.com
Icahn Enterprises , ielp , Mimecast , unknown , us-smtp-inbound-1.mimecast.com
Performance Food Group , pfgc ,  , Office 365 , pfgc-com.mail.protection.outlook.com
Omnicom Group , omnicomgroup ,  ,  , pp-inbound-2.cdscore.com
DISH Network , dish ,  , own-domain , mailin.dish.com
FirstEnergy , firstenergycorp ,  , own-domain , aesa02.firstenergycorp.com
Monsanto , monsanto , Forcepoint , unknown , cust42593-1-in.mailcontrol.com
AES , aes , MessageLabs , unknown , cluster1.us.messagelabs.com
CarMax , carmax , ProofPoint , unknown , mxa-001ffb01.gslb.pphosted.com
National Oilwell Varco , nov , ProofPoint , unknown , mxa-001b7901.gslb.pphosted.com
NRG Energy , nrgenergy ,  , Office 365 , nrg-com.mail.protection.outlook.com
Western Digital , wdc , Cisco , unknown , mx2.hgst.iphmx.com
Marriott International , marriott ,  , own-domain , mail.marriott.com
Office Depot , officedepot ,  , Office 365 , officedepot-com.mail.protection.outlook.com
Nordstrom , nordstrom , Cisco , unknown , mx2.nordstrom.iphmx.com
Kinder Morgan , kindermorgan , Cisco , unknown , mx1.kindermorgan.iphmx.com
Aramark , aramark , MessageLabs , unknown , cluster1.us.messagelabs.com
DaVita HealthCare Partners , davita , Cisco , unknown , mx1.davita.iphmx.com
Molina Healthcare , molinahealthcare ,  , own-domain , ironport1.molinahealthcare.com
WellCare Health Plans , wellcare ,  , own-domain , mailfilter2.wellcare.com
CBS , cbs , ProofPoint , unknown , mxb-00262c01.gslb.pphosted.com
Visa , visa ,  , own-domain , portal4i.visa.com
Lincoln National , lfg ,  , own-domain , in3pamta01.lfg.com
Ecolab , ecolab , ProofPoint , unknown , mxa-00073f02.gslb.pphosted.com
Kellogg , kellogg , ProofPoint , unknown , mxb-0029fa01.gslb.pphosted.com
C.H. Robinson Worldwide , chrobinson ,  , own-domain , mailgw5.chrobinson.com
Textron , textron ,  , Office 365 , textron-com.mail.protection.outlook.com
Loews , loews , ProofPoint , unknown , mxa-001d4001.gslb.pphosted.com
Illinois Tool Works , itw ,  , Office 365 , itw-com.mail.protection.outlook.com
Synnex , synnex ,  , own-domain , smtp4.synnex.com
Viacom , viacom ,  , own-domain , mail.viacom.com
HollyFrontier , hollyfrontier ,  , own-domain , mx1.hollyfrontier.com
Land O’Lakes , landolakesinc ,  , own-domain , schoollunch.landolakesinc.com
Land O’Lakes , landolakes ,  , Office 365 , landolakes-com.mail.protection.outlook.com
Devon Energy , dvn , ProofPoint , unknown , mxb-00116402.gslb.pphosted.com
PBF Energy , pbfenergy , MessageLabs , unknown , cluster5.us.messagelabs.com
Yum Brands , yum , Trend Micro , unknown , in.hes.trendmicro.com
Texas Instruments , ti , MessageLabs , unknown , cluster5.us.messagelabs.com
CDW , cdw , ProofPoint , unknown , mxb-00220401.gslb.pphosted.com
Waste Management , wm ,  , own-domain , mail2.wm.com
Marsh & McLennan , marsh ,  , own-domain , mx13.marsh.com
Chesapeake Energy , chk , ProofPoint , unknown , mxa-0017eb01.gslb.pphosted.com
Parker-Hannifin , parker , ProofPoint , unknown , mxa-002a1601.gslb.pphosted.com
Occidental Petroleum , oxy ,  , own-domain , hou-mx-02.oxy.com
Guardian Life Ins. Co. of America , guardianlife , ProofPoint , unknown , mx0a-00220101.pphosted.com
Farmers Insurance Exchange , farmers , ProofPoint , unknown , mxb-0028ab01.gslb.pphosted.com
J.C. Penney , jcpenney ,  , Office 365 , jcpenney-com.mail.protection.outlook.com
Consolidated Edison , coned ,  , own-domain , xff-esg2-4.coned.com
Cognizant Technology Solutions , cognizant ,  , Office 365 , cognizant-com.mail.protection.outlook.com
VF , vfc , ProofPoint , unknown , mxa-00127801.gslb.pphosted.com
Ameriprise Financial , ampf ,  , own-domain , ipgw1.ampf.com
Computer Sciences , csc , MessageLabs , unknown , cluster4.us.messagelabs.com
L Brands , lb , ProofPoint , own-domain , mxa-00204f01.gslb.pphosted.com
Jacobs Engineering Group , jacobs , ProofPoint , unknown , mxb-0025cf01.gslb.pphosted.com
Principal Financial , principal ,  , own-domain , mx4.principal.com
Ross Stores , rossstores ,  , own-domain , rossstores.com
Bed Bath & Beyond , bedbathandbeyond ,  ,  , mail-router.e-dialog.com
CSX , csx ,  , own-domain , mail8.csx.com
Toys “R” Us , toysrus , ProofPoint , unknown , mxb-00218101.gslb.pphosted.com
Las Vegas Sands , sands , MessageLabs , unknown , cluster5.us.messagelabs.com
Leucadia National , leucadia , ProofPoint , unknown , mx0a-001c3e01.pphosted.com
Dominion Resources , dom ,  , own-domain , innm01.dom.com
United States Steel , uss , ProofPoint , unknown , mxa-00264f01.gslb.pphosted.com
L-3 Communications , l-3com ,  , own-domain , smtp7in.l-3com.com
Edison International , edisonintl ,  ,  , zi1lxmta01.sce.com
Entergy , entergy ,  , own-domain , symmail4.roc.entergy.com
ADP , adp ,  , own-domain , mail1.adp.com
First Data , firstdata ,  , own-domain , x3ppir013.firstdata.com
BlackRock , blackrock , ProofPoint , unknown , mxb-00162b01.gslb.pphosted.com
WestRock , westrock ,  , Office 365 , westrock-com.mail.protection.outlook.com
Voya Financial , voya ,  , Office 365 , voya-com.mail.protection.outlook.com
Sherwin-Williams , sherwin ,  , own-domain , emhost55.sherwin.com
Hilton Worldwide Holdings , hilton , Cisco , unknown , mx2.hilton.iphmx.com
R.R. Donnelley & Sons , rrdonnelley ,  , Google , aspmx.l.google.com
Stanley Black & Decker , stanleyblackanddecker , ProofPoint , unknown , mxa-00254701.gslb.pphosted.com
Stanley Black & Decker , stanley , ProofPoint , unknown , mxa-00254701.gslb.pphosted.com
Xcel Energy , xcelenergy ,  , own-domain , esa.wip.xcelenergy.com
Murphy USA , murphyusa ,  , Office 365 , murphyusa-com.mail.protection.outlook.com
CBRE Group , cbre , ProofPoint , unknown , mxa-001bfb01.gslb.pphosted.com
D.R. Horton , drhorton ,  , own-domain , prpt.drhorton.com
Estee Lauder , elcompanies , ProofPoint , unknown , mxb-001a2001.gslb.pphosted.com
Estee Lauder , esteelauder , ProofPoint , unknown , mxb-001a2001.gslb.pphosted.com
Praxair , praxair ,  , own-domain , mx6.praxair.com
Biogen , biogen , ProofPoint , unknown , mx0b-00209801.pphosted.com
State Street Corp. , statestreet , MessageLabs , unknown , cluster5.us.messagelabs.com
Unum Group , unum , MessageLabs , unknown , cluster9.us.messagelabs.com
Reynolds American , reynoldsamerican , MessageLabs , unknown , cluster5.us.messagelabs.com
Group 1 Automotive , group1auto ,  , own-domain , gpimx2.group1auto.com
Henry Schein , henryschein , ProofPoint , unknown , mxa-001d3a01.gslb.pphosted.com
Hertz Global Holdings , hertz , ProofPoint , unknown , mxa-00034201.gslb.pphosted.com
Norfolk Southern , nscorp ,  , own-domain , mail2.nscorp.com
Reinsurance Group of America , rgare , ProofPoint , unknown , mxa-00068801.gslb.pphosted.com
Public Service Enterprise Group , pseg ,  , own-domain , smtp2.pseg.com
BB&T Corp. , bbt ,  ,  , mail1.bbandt.com
DTE Energy , dteenergy , MessageLabs , unknown , cluster8.us.messagelabs.com
Assurant , assurant ,  ,  , msp0lppp001.etdbw.com
Global Partners , globalp , Mimecast , unknown , us-smtp-inbound-1.mimecast.com
Huntsman , huntsman , ProofPoint , unknown , mx0b-000afc01.pphosted.com
Becton Dickinson , bd , ProofPoint , unknown , mxa-0017d901.gslb.pphosted.com
Sempra Energy , sempra ,  , own-domain , pps2.sempra.com
AutoZone , autozone ,  , Office 365 , autozone-com.mail.protection.outlook.com
Navistar International , navistar ,  , Office 365 , navistar-com.mail.protection.outlook.com
Precision Castparts , precast ,  , own-domain , precast.pcc-structurals.com
Discover Financial Services , discoverfinancial , ProofPoint , unknown , mxb-001d7a03.gslb.pphosted.com
Liberty Interactive , libertyinteractive ,  , GoDaddy , smtp.secureserver.net
W.W. Grainger , grainger ,  , Office 365 , grainger-com.mail.protection.outlook.com
Baxter International , baxter ,  , own-domain , mailco.baxter.com
Stryker , stryker ,  , Office 365 , stryker-com.mail.protection.outlook.com
Air Products & Chemicals , airproducts ,  , Office 365 , airproducts-com.mail.protection.outlook.com
Western Refining , wnr , ProofPoint , unknown , mxb-0018ff01.gslb.pphosted.com
Universal Health Services , uhsinc ,  , own-domain , mic.uhsinc.com
Owens & Minor , owens-minor ,  , Office 365 , owensminor-com01c.mail.protection.outlook.com
Charter Communications , charter ,  , own-domain , mail.chartercom.com
Advance Auto Parts , advanceautoparts , ProofPoint , unknown , mxb-0013d101.gslb.pphosted.com
MasterCard , mastercard , ProofPoint , unknown , mxb-00078002.gslb.pphosted.com
Applied Materials , appliedmaterials ,  , own-domain , mx.appliedmaterials.com
Eastman Chemical , eastman ,  , Office 365 , eastman-com.mail.protection.outlook.com
Sonic Automotive , sonicautomotive , Mimecast , unknown , us-smtp-inbound-1.mimecast.com
Ally Financial , ally ,  , own-domain , mx01.ally.com
CST Brands , cstbrands , MessageLabs , unknown , cluster9.us.messagelabs.com
eBay , ebay ,  , own-domain , data.ebay.com
Lennar , lennar , ProofPoint , unknown , mxa-001afc01.gslb.pphosted.com
GameStop , gamestop ,  , own-domain , mail1.gamestop.com
Reliance Steel & Aluminum , rsac , Cisco , unknown , mx1.rsac.iphmx.com
Hormel Foods , hormel , ProofPoint , unknown , mxa-00103401.gslb.pphosted.com
Celgene , celgene , ProofPoint , unknown , mxb-00183501.gslb.pphosted.com
Genworth Financial , genworth , Mimecast , unknown , us-smtp-inbound-2.mimecast.com
PayPal Holdings , paypal ,  , own-domain , mx2.paypalcorp.com
Priceline Group , pricelinegroup ,  , Google , ASPMX.L.GOOGLE.com
MGM Resorts International , mgmresorts ,  , own-domain , inbound1.s4.mgmresorts.com
Autoliv , autoliv , Cisco , unknown , mx1.autoliv.c3s2.iphmx.com
Fidelity National Financial , fnf ,  , Office 365 , fnf-com.mail.protection.outlook.com
Republic Services , republicservices , ProofPoint , unknown , mxa-0021b301.gslb.pphosted.com
Corning , corning , MessageLabs , unknown , cluster6.us.messagelabs.com
Peter Kiewit Sons’ , kiewit , Cisco , unknown , mx1.kiewit.iphmx.com
Univar , univar ,  , Office 365 , univar-com.mail.protection.outlook.com
Mosaic , mosaicco ,  , Office 365 , mosaicco-com.mail.protection.outlook.com
Core-Mark Holding , core-mark , Trend Micro , unknown , in-mig04.hes.trendmicro.com
Thrivent Financial for Lutherans , thrivent ,  , own-domain , irnprt002.thrivent.com
Cameron International , c-a-m ,  , Office 365 , cam-com0k.mail.protection.outlook.com
HD Supply Holdings , hdsupply , ProofPoint , unknown , mxb-001cc001.gslb.pphosted.com
Crown Holdings , crowncork ,  , own-domain , mail.crowncork.com
EOG Resources , eogresources ,  , Office 365 , eogresources-com.mail.protection.outlook.com
Veritiv , veritivcorp ,  , Office 365 , veritivcorp-com.mail.protection.outlook.com
Anadarko Petroleum , anadarko ,  , own-domain , dnvipmsx002.anadarko.com
Laboratory Corp. of America , labcorp , Cisco , unknown , mx2.labcorp.iphmx.com
Pacific Life , pacificlife ,  , own-domain , mail2.pacificlife.com
News Corp. , newscorp ,  , Google , aspmx.l.google.com
Jarden , jarden ,  , Office 365 , jarden-com.mail.protection.outlook.com
SunTrust Banks , suntrust ,  , own-domain , mx5.suntrust.com
Avis Budget Group , avis , MessageLabs , unknown , cluster8.us.messagelabs.com
Budget , budget , MessageLabs , unknown , cluster8.us.messagelabs.com
Broadcom , broadcom ,  , Google , aspmx.l.google.com
American Family Insurance Group , amfam ,  , own-domain , gmr.amfam.com
Level 3 Communications , level3 , MessageLabs , unknown , cluster5.us.messagelabs.com
Tenneco , tenneco ,  , Office 365 , tenneco-com.mail.protection.outlook.com
United Natural Foods , unfi ,  , Office 365 , unfi-com.mail.protection.outlook.com
Dean Foods , deanfoods ,  , Office 365 , deanfoods-com.mail.protection.outlook.com
Campbell Soup , campbellsoupcompany ,  , Office 365 , campbellsoupcompany-com.mail.protection.outlook.com
Mohawk Industries , mohawkind , Mimecast , unknown , us-smtp-inbound-2.mimecast.com
BorgWarner , borgwarner ,  , Office 365 , borgwarner-com.mail.protection.outlook.com
PVH , pvh , Cisco , unknown , mx1.pvh.iphmx.com
Ball , ball , ProofPoint , unknown , mxb-0014fe01.gslb.pphosted.com
O’Reilly Automotive , oreillyauto , Trend Micro , unknown , oreillyauto.com.e0040.g0004.pg0089.im.emailsecurity.trendmicro.com
Eversource Energy , eversource , ProofPoint , unknown , mxb-0018e401.gslb.pphosted.com
Franklin Resources , franklinresources ,  ,  , bh.markmonitor.com
Masco , masco ,  , Office 365 , masco-com.mail.protection.outlook.com
Lithia Motors , lithia , ProofPoint , unknown , mxb-0021da01.gslb.pphosted.com
KKR , kkr ,  , Google , ASPMX.L.GOOGLE.com
Oneok , oneok , ProofPoint , unknown , mxb-0014fc01.gslb.pphosted.com
Newmont Mining , newmont , Cisco , unknown , mx1.hc1864.iphmx.com
PPL , pplweb , ProofPoint , unknown , mxa-0000ff01.gslb.pphosted.com
SpartanNash , spartannash , ProofPoint , unknown , mxb-00183101.gslb.pphosted.com
Quanta Services , quantaservices ,  , Office 365 , quantaservices-com.mail.protection.outlook.com
XPO Logistics , xpo , ProofPoint , unknown , mx0b-002b6701.pphosted.com
Ralph Lauren , ralphlauren ,  , own-domain , ns20.ralphlauren.com
Interpublic Group , interpublic , Cisco , unknown , mx1.ipg.iphmx.com
Steel Dynamics , steeldynamics , Mimecast , unknown , us-smtp-inbound-1.mimecast.com
WESCO International , wesco , ProofPoint , unknown , mxb-00168f01.gslb.pphosted.com
Quest Diagnostics , questdiagnostics , MessageLabs , unknown , cluster4.us.messagelabs.com
Boston Scientific , bostonscientific , Cisco , unknown , mx1.bsci.iphmx.com
AGCO , agcocorp , MessageLabs , unknown , cluster8.us.messagelabs.com
Foot Locker , footlocker-inc , ProofPoint , unknown , mxa-00014701.gslb.pphosted.com
Foot Locker , footlocker , ProofPoint , unknown , mxa-00014701.gslb.pphosted.com
Hershey , thehersheycompany , MessageLabs , unknown , cluster1.us.messagelabs.com
Hershey , hersheys , MessageLabs , unknown , cluster1.us.messagelabs.com
CenterPoint Energy , centerpointenergy ,  , Office 365 , centerpointenergy-com.mail.protection.outlook.com
Williams , williams , ProofPoint , unknown , mxa-00188a01.gslb.pphosted.com
Dick’s Sporting Goods , dickssportinggoods , ProofPoint , unknown , mxb-00228b01.gslb.pphosted.com
Live Nation Entertainment , livenation ,  , Office 365 , livenation-com.mail.protection.outlook.com
Mutual of Omaha Insurance , mutualofomaha , Forcepoint , unknown , cust50103-2.in.mailcontrol.com
W.R. Berkley , wrberkley , MessageLabs , unknown , cluster5.us.messagelabs.com
LKQ , lkqcorp , ProofPoint , unknown , mxb-0019e001.gslb.pphosted.com
Avon Products , avon ,  , Office 365 , avonglobal.mail.protection.outlook.com
Darden Restaurants , darden , ProofPoint , unknown , mxb-0017e701.gslb.pphosted.com
Kindred Healthcare , kindredhealthcare , Cisco , unknown , mx1.kindred.iphmx.com
Weyerhaeuser , weyerhaeuser ,  , Office 365 , weyerhaeuser-com.mail.protection.outlook.com
Casey’s General Stores , caseys , Cisco , unknown , mx1.caseys.iphmx.com
Sealed Air , sealedair ,  , Google , ASPMX.L.GOOGLE.com
Fifth Third Bancorp , 53 ,  , own-domain , mailgw7.53.com
Dover , dovercorp ,  , Office 365 , dovercorp-com.mail.eo.outlook.com
Huntington Ingalls Industries , hii-co ,  ,  , mail1.hii-nns.com
Netflix , netflix ,  , Google , aspmx.l.google.com
Dillard’s , dillards , ProofPoint , unknown , mxa-00085101.gslb.pphosted.com
EMCOR Group , emcorgroup , ProofPoint , unknown , mxa-0015e101.gslb.pphosted.com
Jones Financial , edwardjones ,  , own-domain , napasmss-1.edwardjones.com
AK Steel Holding , aksteel , MessageLabs , unknown , cluster6.us.messagelabs.com
UGI , ugicorp , ProofPoint , unknown , mx0a-0024bf01.pphosted.com
UGI , ugi , ProofPoint , unknown , mxb-0024bf01.gslb.pphosted.com
Expedia , expedia ,  , own-domain , mx1b.expedia.com
salesforce.com , salesforce ,  , Google , aspmx.l.google.com
Targa Resources , targaresources , Trend Micro , unknown , in.hes.trendmicro.com
Apache , apachecorp , ProofPoint , unknown , mxa-0002cc01.gslb.pphosted.com
Spirit AeroSystems Holdings , spiritaero ,  , Office 365 , spiritaero-com.mail.protection.outlook.com
Expeditors International of Washington , expeditors ,  , Office 365 , expeditors-com.mail.protection.outlook.com
Anixter International , anixter ,  , Office 365 , anixter-com.mail.protection.outlook.com
Fidelity National Information Services , fisglobal ,  , Office 365 , fisglobal-com.mail.protection.outlook.com
Asbury Automotive Group , asburyauto , ProofPoint , unknown , mxb-001e2601.gslb.pphosted.com
Hess , hess , Forcepoint , unknown , cust49581-2.in.mailcontrol.com
Ryder System , ryder ,  , own-domain , miasmtp01.ryder.com
Terex , terex , MessageLabs , unknown , cluster8.us.messagelabs.com
Coca-Cola European Partners , cokecce ,  , Office 365 , cokecce-com.mail.protection.outlook.com
Auto-Owners Insurance , aoins ,  , own-domain , exfilt3.aoins.com
Cablevision Systems , cablevision ,  , own-domain , cscpppsin03.cablevision.com
Symantec , symantec , MessageLabs , unknown , cluster4.us.messagelabs.com
Charles Schwab , aboutschwab ,  ,  , mx.zoho.com
Calpine , calpine , Cisco , unknown , mx1.calpine.iphmx.com
CMS Energy , cmsenergy ,  , Office 365 , cmsenergy-com.mail.protection.outlook.com
Alliance Data Systems , alliancedata , MessageLabs , unknown , cluster5.us.messagelabs.com
JetBlue Airways , jetblue , MessageLabs , unknown , cluster2.us.messagelabs.com
Discovery Communications , discoverycommunications ,  ,  , mail.messaging.microsoft.com
Trinity Industries , trin , ProofPoint , unknown , mxa-00096201.gslb.pphosted.com
Sanmina , sanmina ,  , Google , aspmx.l.google.com
NCR , ncr , ProofPoint , unknown , mxb-00209e01.gslb.pphosted.com
FMC Technologies , fmctechnologies , ProofPoint , unknown , mxa-00166701.gslb.pphosted.com
Erie Insurance Group , erieinsurance , Mimecast , unknown , us-smtp-inbound-1.mimecast.com
Rockwell Automation , rockwellautomation , MessageLabs , unknown , cluster6.us.messagelabs.com
Dr Pepper Snapple Group , drpeppersnapplegroup ,  ,  , custmx.cscdns.net
Dr Pepper Snapple Group , snapple ,  ,  , mx1.emailsrvr.com
Dr Pepper Snapple Group , drpepper ,  , Office 365 , drpepper-com.mail.protection.outlook.com
iHeartMedia , iheartmedia , ProofPoint , unknown , mxb-001b1801.gslb.pphosted.com
Tractor Supply , tractorsupply , ProofPoint , unknown , mxa-0022f601.gslb.pphosted.com
J.B. Hunt Transport Services , jbhunt ,  , Office 365 , jbhunt-com.mail.protection.outlook.com
Commercial Metals , cmc ,  , Office 365 , cmc-com.mail.protection.outlook.com
Owens-Illinois , o-i ,  , Office 365 , owensillinois.mail.protection.outlook.com
Harman International Industries , harman , MessageLabs , unknown , cluster5.us.messagelabs.com
Baxalta , baxalta , ProofPoint , unknown , mxa-00243e02.gslb.pphosted.com
American Financial Group , amfin , ProofPoint , unknown , mxa-001f9701.gslb.pphosted.com
NetApp , amfin , ProofPoint , unknown , mxa-001f9701.gslb.pphosted.com
Graybar Electric , graybar ,  , own-domain , kcmx.graybar.com
Oshkosh , oshkoshcorp , MessageLabs , unknown , cluster1.us.messagelabs.com
Ameren , ameren ,  , Office 365 , ameren-com.mail.protection.outlook.com
A-Mark Precious Metals , amark ,  , Office 365 , amark-com.mail.protection.outlook.com
Barnes & Noble , barnesandnobleinc ,  ,  , welsh.bn.com
Barnes & Noble , bn , ProofPoint , unknown , mxa-00189e01.gslb.pphosted.com
Dana Holding , dana , MessageLabs , unknown , cluster1.us.messagelabs.com
Constellation Brands , cbrands , ProofPoint , unknown , mxa-001e0e01.gslb.pphosted.com
LifePoint Health , lifepointhealth ,  , Office 365 , lifepointhealth-net.mail.protection.outlook.com
Zimmer Biomet Holdings , zimmerbiomet ,  , Office 365 , zimmer-com.mail.protection.outlook.com
Harley-Davidson , harley-davidson ,  ,  , mx2.hc264-13.r1.ces.cisco.com
PulteGroup , pultegroupinc ,  ,  , pultegroup.com.s9a1.psmtp.com
PulteGroup , pulte , ProofPoint , unknown , mxb-001af501.gslb.pphosted.com
Newell Brands , newellbrands ,  ,  , custmx.cscdns.net
Avery Dennison , averydennison ,  , Google , aspmx.l.google.com
Jones Lang LaSalle , jll ,  , own-domain , smtp3.ap.jll.com
WEC Energy Group , wecenergygroup ,  , Office 365 , wecenergygroup-com.mail.protection.outlook.com
Marathon Oil , marathonoil ,  , own-domain , pp2.marathonoil.com
TravelCenters of America , tatravelcenters , ProofPoint , unknown , mx0a-00250e01.pphosted.com
United Rentals , unitedrentals ,  ,  , mta1.ur.com
HRG Group , hrggroup ,  ,  , d65976a.ess.barracudanetworks.com
Old Republic International , oldrepublic , Cisco , unknown , mx2.greatwestcasualty.iphmx.com
Windstream Holdings , windstream ,  , own-domain , dell903.windstream.com
Starwood Hotels & Resorts , starwoodhotels ,  , Office 365 , Starwoodhotels-com.mail.protection.outlook.com
Delek US Holdings , delekus , Mimecast , unknown , us-smtp-inbound-1.mimecast.com
Packaging Corp. of America , packagingcorp , ProofPoint , unknown , mxb-00212701.gslb.pphosted.com
Quintiles Transnational Holdings , quintiles ,  , Office 365 , quintiles-com.mail.protection.outlook.com
Hanesbrands , hanes ,  , own-domain , mail1.hanesbi.net
Realogy Holdings , realogy , ProofPoint , unknown , mxb-00137901.gslb.pphosted.com
Mattel , mattel ,  , own-domain , mailb.mattel.com
Motorola Solutions , motorolasolutions , ProofPoint , unknown , mxb-0019e102.gslb.pphosted.com
Motorola Solutions , motorola ,  , Google , ASPMX.L.GOOGLE.com
J.M. Smucker , jmsmucker , MessageLabs , unknown , cluster6.us.messagelabs.com
J.M. Smucker , smuckers ,  ,  , mx1.emailsrvr.com
Regions Financial , regions ,  , Google , ASPMX.L.GOOGLE.com
Celanese , celanese , ProofPoint , unknown , mxa-0016a101.gslb.pphosted.com
Clorox , clorox ,  , Office 365 , Clorox-com.mail.protection.outlook.com
Ingredion , ingredion , MessageLabs , unknown , cluster5.us.messagelabs.com
Genesis Healthcare , genesishcc ,  , own-domain , mx171.genesishcc.com
Peabody Energy , peabodyenergy , Mimecast , unknown , us-smtp-inbound-1.mimecast.com
Alaska Air Group , alaskaair ,  , Office 365 , Alaskaair-com.mail.protection.outlook.com
Seaboard , seaboardcorp , ProofPoint , unknown , mxa-00166602.gslb.pphosted.com
Frontier Communications , frontier ,  ,  , mta5.am0.yahoodns.net
Amphenol , amphenol ,  , Office 365 , amphenol-com.mail.protection.outlook.com
Lansing Trade Group , lansingtradegroup , Mimecast , unknown , us-smtp-inbound-1.mimecast.com
SanDisk , sandisk , Cisco , unknown , mx1.hgst.iphmx.com
St. Jude Medical , sjm , ProofPoint , unknown , mxa-00140101.gslb.pphosted.com
Wyndham Worldwide , wyndhamworldwide , ProofPoint , unknown , mxb-00128602.gslb.pphosted.com
Kelly Services , kellyservices ,  , Office 365 , kellyservices-com.mail.protection.outlook.com
Western Union , westernunion , ProofPoint , unknown , mxa-00002a01.gslb.pphosted.com
Envision Healthcare Holdings , evhc ,  , Office 365 , evhc-net.mail.protection.outlook.com
Visteon , visteon ,  , Office 365 , visteon-com.mail.eo.outlook.com
Arthur J. Gallagher , ajg , MessageLabs , unknown , cluster4.us.messagelabs.com
Host Hotels & Resorts , hosthotels ,  , Office 365 , hosthotels-com.mail.protection.outlook.com
Ashland , ashland , Mimecast , unknown , us-smtp-inbound-2.mimecast.com
Insight Enterprises , insight , MessageLabs , unknown , cluster8.us.messagelabs.com
Energy Future Holdings , energyfutureholdings ,  , Office 365 , energyfutureholdings-com.mail.protection.outlook.com
Markel , markelcorp , Forcepoint , unknown , cust41543-1.in.mailcontrol.com
Essendant , essendant ,  , own-domain , mx2.essendant.com
CH2M Hill , ch2m , Cisco , unknown , mx2.ch2m.iphmx.com
Western & Southern Financial Group , westernsouthern ,  ,  , mx1.wsfgrp.com
Owens Corning , owenscorning ,  , Office 365 , owenscorning-com.mail.protection.outlook.com
S&P Global , spglobal ,  , own-domain , nj12corpmr01.spglobal.com
Raymond James Financial , raymondjames ,  ,  , smtp1.rjf.com
NiSource , nisource , ProofPoint , unknown , mxa-00206302.gslb.pphosted.com
Airgas , airgas , MessageLabs , unknown , cluster1.us.messagelabs.com
ABM Industries , abm , ProofPoint , unknown , mxa-00030f01.gslb.pphosted.com
Citizens Financial Group , citizensbank ,  , Office 365 , citizensbank-com.mail.protection.outlook.com
Booz Allen Hamilton Holding , bah ,  , own-domain , prodesa01-ext.bah.com
Simon Property Group , simon , MessageLabs , unknown , cluster9.us.messagelabs.com
Domtar , domtar , ProofPoint , unknown , mxb-001d9701.gslb.pphosted.com
Rockwell Collins , rockwellcollins ,  , own-domain , mail05.rockwellcollins.com
Lam Research , lamresearch , ProofPoint , unknown , mxa-00054001.gslb.pphosted.com
Fiserv , fiserv ,  , own-domain , mail3.fiserv.com
Spectra Energy , spectraenergy , Cisco , unknown , mx2.spectraenergy.iphmx.com
Navient , navient , MessageLabs , unknown , cluster1.us.messagelabs.com
Big Lots , biglots , ProofPoint , unknown , mx0b-00283501.pphosted.com
Telephone & Data Systems , tdsinc ,  , own-domain , extsmtp01.tdsinc.com
First American Financial , firstam , Cisco , unknown , MX2.firstam.iphmx.com
NVR , nvrinc ,  , own-domain , mail.nvrinc.com
Cincinnati Financial , cinfin , ProofPoint , unknown , mx0a-0015a401.pphosted.com
Burlington Stores , burlingtonstores ,  ,  , mailhost3.coat.com
